manufacturerNumber,id,manufacturer,brand
RH7-00001,AVpf3txeLJeJML43FN82,Microsoft,Microsoft
BT-210F,AVpgMuGwLJeJML43KY_c,Boytone,Boytone
VLF410B1,AVphzgbJLJeJML43fA0o,,Sanus
984-000911,AWIm0C3TYSSHbkXwx3S6,,Ultimate Ears
LP35185,AVpfnp8HLJeJML43AmVi,Lowepro,Lowepro
CMSA8GX3M2A1066C7,AV1YFmcQglJLPUi8IGd1,,Corsair
IBT33BC,AVpgF1BOilAPnD_xnTsK,iHome,"Sdi Technologies, Inc."
Mifi6620L,AVpiUMISilAPnD_xC-hu,Novatel,Verizon Wireless
KDX320BTS,AVpfIjJULJeJML433Ga2,,JVC
GX862,AVphRsH11cnluZ0-Agzr,,JBL
45W SLIM AC ADAPTER - 88801419,AVpf24SVLJeJML43FAIX,Lenovo Idea,Lenovo
SXEZR1V1,AVzNjwZZ-jtxr-f3yc_y,Siriusxm,Siriusxm
MD16GK2D4240015AB,AVpf2pgLilAPnD_xjed4,,Pny
SB375-100,AVpg8i6NilAPnD_xzQdN,Slingbox,Sling Media
SRSHG1/BLK,AVpfKRGKLJeJML433rPX,Sony,Sony
WR-120C,AVpgswjcLJeJML43Ro-G,Midland,Midland
DVM60PRR6C,AVpfjP9uilAPnD_xdy6-,Sony,Sony
SRSZR7,AVpfgGwSLJeJML43-VCn,,Sony
PH3300U-1I72,AV13V_i2glJLPUi8PFgb,,Toshiba
GW3-10,AVpiEA1f1cnluZ0-JaoG,,Power Acoustik
EM-JH101-BK,AVpivePGilAPnD_xHH0l,House of Marley,House of Marley
CRX-332BL,AVpio2wSilAPnD_xGGln,Yamaha,Yamaha
TREMOR,AVpfVJXu1cnluZ0-iwTT,,DreamWave
Alpine,AVpe7vI_ilAPnD_xRMq2,Glengery,Glengery
XPS8920-7529SLV-PUS,AVwvGPRyU2_QcyX9R3FW,,Dell
HP-AF32-GW-MEE,AVpftC_FLJeJML43CLs8,,MEE audio
UN40M5300AFXZA,AV4GShTMvKc47QAVrFsX,,Samsung
NS-SP1800BL,AVphUeKeilAPnD_x3-Be,YAMAHA,Yamaha
720960-1100,AVpf0Nyo1cnluZ0-rzhu,Bose,Bose
910-004797,AVqlHaLknnc1JgDc3m5y,,Logitech
MEXM100BT,AVpjedgc1cnluZ0-W4NI,Sony,Sony
SRSXB30/BLK,AVsRhL-fQMlgsOJE6zvB,,Sony
LBTGPX555,AVpfuJ4pilAPnD_xhDyM,Sony,Sony
NS-IW480CWH,AVpg59zyilAPnD_xyv3y,Yamaha,Yamaha
SCOUT66,AVpgGPyq1cnluZ0-wbTJ,Motorola,Motorola
NECB,AVpjI0B41cnluZ0-T5TH,5 Years,Definitive Technology
SPE-6000,AVpiFC-LilAPnD_xAgKu,,Alpine
BST301TT,AVpgjaudilAPnD_xuDKC,Belkin,Belkin
P7,AVpiAzN7ilAPnD_x_wOJ,,Bowers & Wilkins
V700NXTWHT,AVpfnuDailAPnD_xfKZY,JBL,JBL
CLARITY-SR-200,AVpi-P111cnluZ0-SVqq,Allround Software,CLARITY-TELECOM
EM-DH003-PS,AVpg8GjjLJeJML43Uplr,,House of Marley
TY-ASW91,AV2Zps11GV-KLJ3al16A,,Toshiba
41IK5BT2V2,AVpe5iL11cnluZ0-ZVzB,,Kicker
PRIME CENTER - BLACK ASH,AVpe9BGF1cnluZ0-annA,,SVS
WD20EFRX,AVpfVI9wilAPnD_xZxH-,,WD
A7000-10000S,AV15fqDs-jtxr-f38R4C,,Netgear
EB-P310SIWESTA,AVpgnnzJilAPnD_xu_7Q,SAMSUNG,Samsung
915-000224,AVpgfP3DilAPnD_xtG3M,Logitech,Logitech
ACC570,AVpe8ZRY1cnluZ0-aY4H,Peerless,Peerless-AV
DQ-PA3032U-5525,AVpe9FXeLJeJML43zHrq,Dantona,DENAQ
NSSP1800BL,AVphUeKeilAPnD_x3-Be,YAMAHA,Yamaha
X-7,AVpi6aLv1cnluZ0-Rv8A,,Universal Remote Control
7209601100,AVpf0Nyo1cnluZ0-rzhu,Bose,Bose
MZ-7KE512BW,AWOpOCd2YSSHbkXw07ei,,Samsung
CMK16GX4M2B3000C15,AV2Z1Efc-jtxr-f39lm6,,Corsair
OT1351-GR,AVpgNkVc1cnluZ0-yJB6,,Outdoor Tech
SM-R140NZKAXAR,AWACBprXKZqtpbFMVBZo,,Samsung
MR4000,AVpi9AE_LJeJML43qkYJ,,Panamax
TS480GJDM420,AVpiSS1A1cnluZ0-LyAY,TRANSCEND Storage,Transcend
HP-AF32-RB-MEE,AVpfyGvu1cnluZ0-rMw9,,MEE audio
ASM86601-5,AVpjFAGc1cnluZ0-TWv2,,SpeakerCraft
ACC570,AVpe8ZRY1cnluZ0-aY4H,Peerless,Peerless
KFC-1653MRW,AVpfLsb-ilAPnD_xWtDE,Kenwood,Kenwood
MR5100,AVpe8D1nLJeJML43yvxK,,Panamax
SS-4,AVpfBGsK1cnluZ0-cEkm,,Niles
ASM56602,AVpfJZfu1cnluZ0-e6h0,,SpeakerCraft
CMR16GX4M2C3200C16,AV0A-lHuvKc47QAVflgj,,Corsair
DQ-F4600A-5525,AVpgUFUC1cnluZ0-zve8,Denaq,DENAQ
SLL-1,AVpfSgKO1cnluZ0-h5Jx,Peak Design,Peak Design
UN50M5300FXZA,AV13iAUYGV-KLJ3aka9M,,Samsung
PSW10,AVpfM3TL1cnluZ0-gDuQ,Polk Audio,Polk Audio
MC707LL/A,AVpjQLlKLJeJML43tRja,,Apple
ST640P,AV2Zq0TUvKc47QAVpH6i,,Peerless-AV
742896-0200,AVpgm2X2ilAPnD_xu0wB,BOSE,Bose
AVRX1400H,AVzNjFsJvKc47QAVd1TD,,Denon
DQ-PA3290U-5525,AVpf5N1w1cnluZ0-tJMj,Denaq,DENAQ
ELECTRIC110H,AVphQfSlilAPnD_x3PsG,ELITE SCREENS DIRECTSHIP,Elite Screens
SRSXB21/B,AWLk3Ju4Iwln0LfXl1IO,,Sony
5b65s White,AVpfvR8QilAPnD_xhYtm,Russound,Russound
SB-2000-PIANO GLOSS,AVpfDM-4ilAPnD_xT1W0,,SVS
KFC-C6865R,AVpjdPfPilAPnD_xNmIv,,Kenwood
55H9D PLUS,AWIsfzRiYSSHbkXwx4H3,,Hisense
WDBMMA0040HNC-NRSN,AVpiVYLb1cnluZ0-MQnR,Western Digital,WD
EM-JE041-MI,AVpiLlubilAPnD_xBoTa,House Of Marley,House of Marley
WR120C,AVpgswjcLJeJML43Ro-G,Midland,Midland
MARANTZ SR5010,AVpfQk2EilAPnD_xYTQK,Marantz,Marantz
ISBC01,AVpfFHiHilAPnD_xUgSL,ISIMPLE,iSimple
PDRUB,AVphULZ-LJeJML43ZZgr,Chief Manufacturing,Chief
PS200,AVphBFxt1cnluZ0-9PuF,Peerless Industries,Peerless-AV
TBS-6035-01,AVpfQfySLJeJML435uIU,,Turtle Beach
GOLDG03R,AVpf_JaxilAPnD_xlj29,,AudioQuest
MFP-300,AVpgEhMNLJeJML43Ich7,,Panamax
980-001300,AWMjgUYxHh53nbDRJ9NI,,Logitech
WX-030BL,AVpgDPRjilAPnD_xmpMU,YAMAHA,Yamaha
UN24M4500AFXZA,AV4GSgsz-jtxr-f3_a37,,Samsung
WISP500/B,AWKXniCGYSSHbkXwyv-f,,Sony
41KM652C,AVpfVNzvLJeJML437Pgg,,Kicker
PC-2000 - PIANO GLOSS - 110V,AWAtmJb1uC1rwyj_jU16,,SVS
YU2GB,AVpfzhXiLJeJML43EDfY,,Kanto Living
MCR-B043WH,AVpgDCP-1cnluZ0-vmw7,,Yamaha
24644,AV1YFFX1GV-KLJ3adcoq,,Bose
MODEL MP42B,AVpfqTlSLJeJML43BXm9,,MTX
5B55 WHITE,AVpfC6mu1cnluZ0-cszY,Russound,Russound
961-000416,AV00ozTAvKc47QAVgAJM,,Logitech
ET-WV520K,AVz846Pf-jtxr-f30JIn,,Samsung
LP-3CSC,AVpe3p_1LJeJML43xFQy,Power Acoustik,Power Acoustik
T92UWH,AVpfKEAuilAPnD_xWKpK,Elitescreens,Elite Screens
SDSSDEXT-500G-G25,AVwsxeF6U2_QcyX9RyIp,,Sandisk
MIFI6620L,AVpiUMISilAPnD_xC-hu,Novatel,Novatel
S5GRHT-448,AVpgbYVjilAPnD_xsSeu,,Skullcandy
VE278Q,AVpfCpIGLJeJML431Fud,,ASUS
DYN1000WD,AVpfKBx71cnluZ0-fH1m,,MartinLogan
MU-PA1T0B/AM,AV4GUR_kvKc47QAVrHH8,,Samsung
SRSXB40/BLK,AVsRhL0knnc1JgDc34iQ,,Sony
SUB6MG,AVpe7NoG1cnluZ0-Z9sS,,Kanto Living
AVH-X3800BHS,AVpizUj3LJeJML43pNDJ,,Pioneer
WDBCRM0030BBK-NESN,AV1YEAWU-jtxr-f31M0Z,,WD
F4U095tt,AV2ZzbZWvKc47QAVpILS,,Belkin
ECON-S3T-DVD-BK,AVpfqlKoilAPnD_xf_zJ,,VINPOWER DIGITAL DIRECTSHIP
P2418HT,AWFFhQ_0Iwln0LfXiOyo,,Dell
TY-SBX130,AV47uhmF-jtxr-f3CbaL,,Toshiba
1065-005-110,AVpgmxCxilAPnD_xuzi5,Pelican,PELICAN
GOLDG01R,AVpgD_KaLJeJML43IT00,Audioquest,AudioQuest
F0BV001CUS,AVpi9fmcilAPnD_xJGud,Lenovo,Lenovo
RZ05-01260100-R3U1,AVpfNwcJLJeJML4340X6,Razer,Razer
UBDM9500/ZA,AVwjdOdov8e3D1O-nnK9,Samsung,Samsung
SHAKEX10,AVz8z52avKc47QAVfisq,,Sony
AW2518H,AV1WzErqglJLPUi8H_E0,,Alienware
0510C001,AVpf4W5_ilAPnD_xj6lg,Canon,Canon
CD-BHS1050,AVsSRjYJnnc1JgDc3_lX,,Sharp
SP-800UZ,AVpfBVx6LJeJML430omC,,Olympus
BLAB08,AVpfC1hY1cnluZ0-crMb,,AudioQuest
EM-DH003-PS,AVpg8GjjLJeJML43Uplr,,House Of Marley
LP36863,AVphTO5W1cnluZ0-Aygg,Lowepro,Lowepro
941-000121,AVpfdBS41cnluZ0-lBIj,Logitech,Logitech
50H4D,AV13iKow-jtxr-f38NNS,,Hisense
XEVA-77UV,AVpg3V8wLJeJML43Ts4d,,Hoya
TL-PA4026 KIT,AVpe641i1cnluZ0-Z2FT,TP-Link,TP-Link
AR120WH2,AVpfI64PilAPnD_xVyc4,Elite Screens,Elite Screens
TC-2000C,AVpfRGTrilAPnD_xYeFl,,Digipower
CA-9011146-NA,AVwjuPeFU2_QcyX9Q9i3,,CORSAIR
TX-8270,AVzN0kf1vKc47QAVd1bS,,Onkyo
MDR1AB,AV1YGSSyGV-KLJ3addCq,,Sony
M80UWH,AVpfCQslilAPnD_xThwe,Elitescreens,Elite Screens
RX-A770BL,AVz5wc0H-jtxr-f30F6_,Yamaha,Yamaha
NS-6490,AVpg0p2hilAPnD_xxtzj,,Yamaha
ITSBO-358P,AVphxh7LilAPnD_x9K92,,Innovative Technology
HRS100400,AVpfBBiOLJeJML430hSK,,Panasonic
MH30S2,AVphHrlRilAPnD_x1hnm,,Master Dynamic
QN49Q6FAMFXZA,AV_OF0yrHh53nbDRAGw0,,Samsung
CP-9020045-NA,AVpe7V2GLJeJML43yfVz,Corsair,CORSAIR
MZ-V6P1T0BW,AVpfAXof1cnluZ0-bz3u,Samsung,Samsung
R-20B,AVpgo1_p1cnluZ0-4URp,,Klipsch
ELG-00001,AV4a46R9glJLPUi8SzFA,,Microsoft
DQ-HSTNN-IB75,AVpfQo04ilAPnD_xYUlo,Denaq,DENAQ
SSW-6,AVpf8j7-ilAPnD_xk7Yr,,Sima
EMJH101BK,AVpivePGilAPnD_xHH0l,House of Marley,House of Marley
CRX332BL,AVpio2wSilAPnD_xGGln,Yamaha,Yamaha
rx-v379bl,AVpfIk3ailAPnD_xVq7m,YAMAHA,Yamaha
R6080-100NAS,AV1TxaKHglJLPUi8H7G7,,Netgear
75UJ6470,AVzSv0OV-jtxr-f3yibR,,LG
MD329LL/A,AVqVGZS6QMlgsOJE6eUd,,Apple
BST301tt,AVpgjaudilAPnD_xuDKC,Belkin,Belkin Inc.
RX-S601BL,AVpi7IY9ilAPnD_xIvXb,Yamaha,Yamaha
PRIME CENTER - PIANO GLOSS,AVpgy8AlLJeJML43S4P3,,SVS
WS63 7RK-280US,AVs1TuxTnnc1JgDc4fzn,,MSI
F0CD002WUS,AVqPh7N3QMlgsOJE6b8I,Lenovo,Lenovo
T301C,AVpfNt_8LJeJML434zkv,,KEF
AS451XB,AVwjvwrwU2_QcyX9Q9l2,,AfterShokz
GL700C,AVpjZNprLJeJML43ul48,,Zubie
GDI-EGBT501,AVpgDQLQLJeJML43IHSM,Grace Digital,ECOXGEAR
SPE-6090,AVpfDLA0ilAPnD_xT0sq,Alpine,Alpine
NSIW480CWH,AVpg59zyilAPnD_xyv3y,Yamaha,Yamaha
984-000958,AWIwKRuwIwln0LfXkC7s,,Ultimate Ears
i207-WRA,AV_N7jgVYSSHbkXwqQ_F,,Alpine
910-003825,AVpfCmFjLJeJML431EzG,Logitech,Logitech
M8-AV,AVpgj4Cd1cnluZ0-3MKD,,PANAMX
528011715,AVpffLmi1cnluZ0-lmL2,Parts,Rand McNally
UN55KU7000FXZA,AVpfctE8LJeJML439Zky,SAMSUNG,Samsung
ST121UTPEP,AVpfRBBK1cnluZ0-hbKE,StarTech,StarTech
MF97G,AVph3jx0LJeJML43fun-,,ZTE
TCD849000V,AWImaqdkIwln0LfXkAw8,,TiVo
WAM1500/ZA,AVpe6-C2LJeJML43yWf1,Samsung,Samsung
920-007955,AVpfIbAvilAPnD_xVneb,,Logitech
920-007181,AVpe7vER1cnluZ0-aJu7,Logitech,Logitech
SF32UX2/TQ,AVphMo6qLJeJML43X_DA,Sony,Sony
GS116NA,AWFFh3tBYSSHbkXwwEem,,Netgear
010-12517-05,AVzxuI1IvKc47QAVfTmW,,Garmin
PKG-MR362BT,AVpe_6K7LJeJML430H1s,,Kenwood
WD2000F9YZ,AV13Evy9-jtxr-f38Bqf,,WD
Archer T9E,AWImYplsIwln0LfXkAqt,,Tp-Link
34104,AV1YFCmuvKc47QAVgpxK,,Bose
JBLV710BTSIL,AV03evT5glJLPUi8Huad,,Jbl
NX.GKHAA.001,AVqVGaFnv8e3D1O-ldFx,Acer,Acer
MZ-V6E500BW,AVpiyvdhLJeJML43pIIJ,Samsung IT,Samsung
e5-574-53qs,AVpfe4goLJeJML439-kF,Acer,Acer
TSX-B141BR,AVpjXDoTLJeJML43uR72,,Yamaha
961-000392,AVpftHW_ilAPnD_xgvny,,Logitech
WH1000XM2/B,AV7pbSt2YSSHbkXwojgp,,Sony
MCR-B020BL,AVpgvd_DilAPnD_xwvk1,,Yamaha
MZ-7KE1T0BW,AWN6PKWauC1rwyj_rgtt,,Samsung
SDSDQQ-064G-G46A,AV43KcK0vKc47QAVtMR-,,SanDisk
FB601BU,AV9GdE90uC1rwyj_gGmd,,Fitbit
SOL-EP1190GD,AVqkGdpennc1JgDc3kGq,,SOL REPUBLIC
RZ04-02050100-R3U1,AVqVGQd9v8e3D1O-ldD1,RAZER,Razer
ILCE6500/B,AWKug03QuC1rwyj_p5PQ,,Sony
SPR60,AVpgNkrG1cnluZ0-yJG5,,Alpine
SPS-610C,AVpffrToLJeJML43-M2g,Alpine,Alpine
3554B002,AWOTVpQiIwln0LfXm3OV,,Canon
SUB8GW,AVphQEwo1cnluZ0-AORx,,Kanto
MOTION6,AVpgMgec1cnluZ0-x4yw,,MartinLogan
P9630B,AVpgFmiJLJeJML43IuFR,Planet Audio,Planet Audio
RX-580P8DBRR,AVzNkGvq-jtxr-f3yc_7,,XFX
GWSSKIT,AVzNi793GV-KLJ3aarCf,,IOGEAR
SDSSDH3-500G-G25,AV225TMGGV-KLJ3amXke,,SanDisk
CWV SL25C,AVpfW8Rx1cnluZ0-jUky,,Cerwin Vega
TGMRHDIMGTX45BG,AVpfOaSr1cnluZ0-gkL6,Cybertronpc,CybertronPC
GP62MVRX661,AVvqEKUXnnc1JgDc5eCL,,MSI
GDI-BTAR252,AVpggreMilAPnD_xtbbX,,Grace Digital
0G03674,AV1YmsYevKc47QAVgsiH,,G-Technology
F5L149TTBLK,AVpgpGHpilAPnD_xvVrJ,,Belkin
GDI-EXEJ301,AVqkHRVgv8e3D1O-leK7,,ECOXGEAR
DI 6.5LCR,AVpfN88l1cnluZ0-gaas,,Definitive Technology
RZ09-01663E53-R3U1,AVwvFm-zU2_QcyX9R3FA,,Razer
11806,AVzJpZsEvKc47QAVd0bp,,Goal Zero
YAS-207BL,AV4GTNzT-jtxr-f3_bin,,Yamaha
SMC200NZWAXAR,AVpftuv7LJeJML43CYrQ,Samsung Electronics,Samsung
IE 800,AVphzZkJ1cnluZ0-Gkcq,Sennheiser,Sennheiser
V315030SU000,AV1eR5GMglJLPUi8IeuR,,Olympus
WHCH700N/B,AWLwDO9uYSSHbkXwz54e,,Sony
GDI-EGBT500,AVpfEV5X1cnluZ0-dMjG,Grace Digital Audio,ECOXGEAR
kmm-bt315u,AVpgxWfqilAPnD_xxHPQ,KENWOOD,Kenwood
E970SWN,AV1eC51UGV-KLJ3ad1SR,,AOC
SELP18105G,AWOUVe5cuC1rwyj_rmlB,,Sony
GT784WN-01,AVpfHjh7LJeJML432w1s,Actiontec,Actiontec
MNEA2LL/A,AV03h86AglJLPUi8HubU,,Apple
920-008432,AV2ZzhzPvKc47QAVpILc,,Logitech
SXVCT1,AVphmTvJilAPnD_x7OWR,SiriusXM,Siriusxm
MKWU2LL/A,AVqVGRdfnnc1JgDc3jFH,,Apple
MKWP2LL/A,AVqVGRbUQMlgsOJE6eTI,,Apple
915-000238,AV1YFzciGV-KLJ3adc6c,,Logitech
RZ04-00720100-R3U1,AVpe-22z1cnluZ0-bR4_,Razer USA,Razer
XFL2V-U-MBLACK,AVpfZ3-XLJeJML438pCp,"Jvc Real Sound System Z Series Ha-Sz2000 Stream Woofer Db Headphones (black, Japan Import) V-Moda",V-MODA
MLUMIEARTBK,AVphVKVzLJeJML43ZmR5,Manfrotto,Manfrotto
E12DSV,AVpgMnaG1cnluZ0-x6kd,,Atrend
Aiwa-9001,AVpg1SfD1cnluZ0-64B0,,Aiwa
DQ-PA-16-5525,AVpft7PkLJeJML43CcmH,Denaq,DENAQ
638481,AVqVHMYcv8e3D1O-ldLY,,Tenba
AVRS920W,AVpikPJcLJeJML43m5wF,Denon,DENON - HEOS
MCRB043RE,AVpfsNQ7ilAPnD_xge4U,,Yamaha
SB-4917HD-SL,AVpg9lcJ1cnluZ0-8h3k,,SunBriteTV
AVRX3400H,AV4GTdlEglJLPUi8SdA1,,Denon
506782,AVzYfJRcglJLPUi8F5Uj,,Sennheiser
MCR-B043BU,AVpiKAs11cnluZ0-KdHN,,Yamaha
CM500V-100NAS,AWAGKRlGuC1rwyj_i7lX,,Netgear
GTKXB60,AV8QE3vIHh53nbDR-rKL,,Sony
AW13R3-7420SLV-PUS,AVqkI8oeU2_QcyX9O04K,,Alienware
137088-00,AVqkGc1hnnc1JgDc3kGh,,Monster
SSVC-6,AVpf9PmlLJeJML43GkHw,Niles,Niles
UAJBLNBGRY,AWMZjqTQYSSHbkXw0Ixv,,JBL
i7347-7550S,AVpflg8PilAPnD_xefyM,,Lenovo
MD8GK2D31600NHS-Z,AVpgILRLilAPnD_xn4PV,,Pny
DQ-PA175009-5525,AVpe6iylilAPnD_xQxIS,Denaq,DENAQ
MM800 RGB POLARIS,AV6WsidFHh53nbDR8zM6,,CORSAIR
GX30K69568,AVqlHaVUU2_QcyX9O3HO,,Lenovo
BLAB05,AVpftXzx1cnluZ0-p0l1,Audioquest,AudioQuest
UAJBLHRMB,AVqVHk8CU2_QcyX9Ozm7,,JBL
JBLFREEBLKBT,AWABuY0rHh53nbDRBgDF,,JBL
VSXLX302,AVz5wclz-jtxr-f30F66,Pioneer,Pioneer
AW82B,AVpfuKrv1cnluZ0-qEUv,MTX,MTX Audio
1SKBAV8,AVpfB5iqLJeJML4301b0,SKB Cases,SKB
SB-WM-T-L-BL,AWBghGZdYSSHbkXws4Zi,,SunBriteTV
BOSE 591 IN-CEILING SPEAKERS,AVpgu2kUilAPnD_xwnW2,BOSE,Bose®
GDI-BTAR512N,AVpf9hex1cnluZ0-uLdV,Grace Digital,Grace Digital
VX2270SMH-LED,AV1a7aO8glJLPUi8IT3S,,ViewSonic
FOCUS85-B,AVpgcZI71cnluZ0-1hzG,,Motorola Home
WDBWZE0240KBK-NESN,AVpgVswtLJeJML43MkOa,Western Digital,WD
PLTRIC,AVpgBE3vilAPnD_xmE-L,Polaroid,Polaroid
ZLCS214,AVpfVBkx1cnluZ0-itvy,Case Logic,Case Logic
UN49MU6290FXZA,AV6Wtc9YHh53nbDR8zcV,,Samsung
AHSSK-301,AVpfrWiiLJeJML43BsIU,GoPro,GoPro
AVR-S530BT,AV1YuBRZvKc47QAVgyox,,Denon
340101,AVpfzWqfLJeJML43EAZ6,Sigma,Sigma
PM-2200,AVpfviwZ1cnluZ0-qdsr,Sonax,Sonax
CMR32GX4M4C3466C16,AV0A-qRFGV-KLJ3aca24,,Corsair
MP3262,AVqVGSxxv8e3D1O-ldEj,,Memorex
SR7012,AV68s_z7KZqtpbFMRazD,,Marantz
HD 660 S,AWAiMCX3YSSHbkXwsOKR,,Sennheiser
SL15,AVpfJpzM1cnluZ0-e_8n,,Cerwin-Vega
1657,AWInAvU5YSSHbkXwx3jO,,Hauppauge
NS-AW190WH,AVpfbCN8LJeJML4388_I,,Yamaha
SOL-EP1190TE,AVqkGUKCnnc1JgDc3kFi,,SOL REPUBLIC
SOL-EP1190BL,AVqkGUN4QMlgsOJE6fUA,,SOL REPUBLIC
43BF400G,AVqkHSLoU2_QcyX9O0iL,,Kicker
BT-120BL,AVpfn6gvLJeJML43ArYZ,,Boytone
SB-S-43-4K-SL,AVqVGTt2v8e3D1O-ldE7,,SunBriteTV
GTKXB90,AWACP5ONKZqtpbFMVBp2,,Sony
TXNR757,AVph8AfNLJeJML43gfng,Onkyo,Onkyo
3202873,AVpglCVC1cnluZ0-3dD_,Thule,Thule
HT-S3800,AVpjSFMB1cnluZ0-VJAz,ONKYO,Onkyo
RX-V583BL,AVzRP92MGV-KLJ3aat8K,,Yamaha
KDC-BT365U,AVpfQjb11cnluZ0-hRb7,KENWOOD,Kenwood
X009-GM,AVpiEb081cnluZ0-JfRW,Alpine Electronics USA,Alpine
M8-AV-PRO,AVpfW_IOLJeJML437y99,,Panamax
SPC22,AVpe_9aLilAPnD_xStSC,Pioneer,Pioneer
UN65MU8000FXZA,AVs4jJ0Vnnc1JgDc4w40,,Samsung
HD120 - THREE PACK WITH CONTRO,AVwsxGm8v8e3D1O-obxP,,CORSAIR
MZ-V6P512BW,AVpe9oDr1cnluZ0-a1wt,Samsung,Samsung
HELOS22,AVpiVxZxLJeJML43ku3l,,MartinLogan
W AMP,AVphZlybLJeJML43acoM,,Definitive Technology
JBLINSP700BLK,AWLX-WNUHh53nbDRJHPV,,Jbl
ONE,AV1YFoi0GV-KLJ3adc20,,Antec
D7000-100NAS,AVphnf7wLJeJML43c6Uc,NETGEAR,NETGEAR
CMU16GX4M2C3000C15R,AVqFXQH5nnc1JgDc3gBZ,Corsair,CORSAIR
PWE-S8-WRA,AVwjePzSnnc1JgDc5uUm,,Alpine
TCD849300V,AV_GG3MWuC1rwyj_hFdU,,TiVo
UN32M4500AFXZA,AV4GQSPzGV-KLJ3ankeZ,,Samsung
MB-MC256DA/AM,AVpiE9hhilAPnD_xAfSU,Samsung,Samsung
15-ay103dx,AVqVGaafQMlgsOJE6eVO,,HP
MD825AM/A,AVpggL_W1cnluZ0-2Wfp,Apple,Apple
RS202BL,AVpfXQQl1cnluZ0-jahZ,Yamaha Electronics,Yamaha
PMD-102X,AVpgkllpLJeJML43Py1L,,Power Acoustik
STRDN860,AVpfm9HsilAPnD_xe7y2,Sony,Sony
E1008G,AVpfuCQ31cnluZ0-qBrU,,GEKO
PP999,AVpfzDgKilAPnD_xidYN,Manufacturers Limited Warranty:1 Year,Pyle Pro
LGLS777AVB,AVvqI3Wrnnc1JgDc5ef-,,Virgin Mobile
XBR55A1E,AVs4UxVHU2_QcyX9P_Gp,,Sony
EF-ZN950CVEGUS,AV_ba_o6KZqtpbFMUCCq,,Samsung
CMY16GX3M2A1600C9B,AV1YFiIxglJLPUi8IGcj,,CORSAIR
YU2MB,AVpfyQ_YilAPnD_xiPQK,Kanto,Kanto Living
AW15R3-7376SLV-PUS,AVqVGaY1nnc1JgDc3jGx,,Alienware
61463,AVqVGQcjnnc1JgDc3jE3,,Steelseries
CS610PK,AV0-JbjHvKc47QAVgW-C,,Wacom
SEL85F14GM,AVpfANetLJeJML430Ovm,,Sony
915-000259,AVqkE0Btnnc1JgDc3j2N,Logitech,Logitech
7153V,AVpe725Q1cnluZ0-aMmi,Viper by GLD Products,Viper
VMPR1B,AVpgAGr5LJeJML43HSLN,Sanus,Sanus
GDI-BTPB300,AVpfcg0ZLJeJML439WX4,Grace Digital,Grace Digital
LIACMWK000E1,AVpfzq-I1cnluZ0-rpaL,eTape16,Leef
RZ03-02260200-R3U1,AWOmw9PhHh53nbDRKld5,,Razer
SEL85F18,AVqVHD82v8e3D1O-ldKQ,,Sony
915-000293,AV2ZpUa5GV-KLJ3al15t,,Logitech
KSMB-013-RGG,AVphmbil1cnluZ0-EUEQ,,kate spade new york
RZ09-01953E72-R3U1,AVqVGaYQQMlgsOJE6eVH,,Razer
M-100-U-SHADOW,AVpg9Nkk1cnluZ0-8ch9,,V-MODA
CMZ16GX3M2A1600C9,AVpgAlKY1cnluZ0-u9em,,CORSAIR
CDE-SXM145BT,AV1YFGgCglJLPUi8IGRI,,Alpine
MNYL2LL/A,AV161e3vglJLPUi8PSYO,,Apple
28LJ400B-PU,AV01UxMTglJLPUi8Hmm4,,LG
STEH2000100,AV1YDL4H-jtxr-f31Mno,,Seagate
RX-580P8DFWR,AVzNkGvxGV-KLJ3aarCv,,XFX
RX-A670BL,AVz5wcrn-jtxr-f30F69,Yamaha,Yamaha
NS-HTVMM1703-C,AWLI-DTQYSSHbkXwzTxw,,Insignia
PCIIDE2,AWOpMDbqYSSHbkXw06lc,,StarTech
V11H723020,AVpfFAfQilAPnD_xUdv6,Epson,Epson
GDI-EXSJ401,AVphqMhzilAPnD_x74hF,,ECOXGEAR
SUB6GB,AVpfgTSGLJeJML43-Yy5,,Kanto
CMK32GX4M2A2666C16,AV1YFkWbGV-KLJ3adc1a,,CORSAIR
Fg00986,AVpe_X7milAPnD_xSgIr,niles,Niles
1060902,AVpfhSF91cnluZ0-mNRI,,Klipsch
XPS9365-7086SLV-PUS,AVpfIOEiLJeJML432_GK,,Dell
1062330,AVpgtLbCLJeJML43RvK9,KLIPSCH,Klipsch
SB8200,AWImYXj0uC1rwyj_oyJi,,Arris
XAVAX200SXM,AV_bJ4HiYSSHbkXwqvEw,,Sony
SBX101,AVpgbeEu1cnluZ0-1Vog,Dual,Dual
5B65 WHITE,AVpfG8LCilAPnD_xVHwQ,Russound,Russound
AS501BL,AVpg49gDLJeJML43UBqN,Yamaha Electronics,Yamaha
HDHR4-2US,AV0A83DzglJLPUi8HH2E,"SiliconDust USA, Inc",Silicondust
YSTFSW150B,AVphWBfLilAPnD_x4RvC,Yamaha,Yamaha
J1,AVpfnzhaLJeJML43ApO5,Cooks International LLC (Former Coshell Holdings LLC),Samsung
UN43J5202AFXZA,AV__PG32YSSHbkXwrxa5,,Samsung
65SJ8500,AV1Ym558-jtxr-f31P3L,,LG
H6,AVpfCX0c1cnluZ0-cher,Zoom,Zoom
14294VRP,AVvp6M9Jnnc1JgDc5doN,,VXi
9.45E+14,AVzvXKvwglJLPUi8Gz8a,NVIDIA,NVIDIA
STDR5000101,AVqkEzW9U2_QcyX9O0Gr,Seagate Technology,Seagate
HTB3-B1,AVpe56FkLJeJML43x9WO,Sanus,Sanus
X541SA-PD0703X,AV1_HAw7glJLPUi8Pefc,,ASUS
JDA214,AVpfno8_LJeJML43AmB-,,j5create
SKW204,AVpfAhIdLJeJML430Vxn,Onkyo,Onkyo
ns-hdrad2,AVqVGTXxv8e3D1O-ldEq,,Insignia
XL-BH250,AV1ETcIIGV-KLJ3adLhv,,Sharp
MK6J2LL/A,AVwvEaC8U2_QcyX9R3Eh,,Apple
CINEMA SB350,AVpfGpvO1cnluZ0-d_P8,,JBL
M-100-U-MBLACKM,AVpgAjWbLJeJML43HZ6g,,V-MODA
DMC-G7KK,AV1YHuVaGV-KLJ3addLx,,Panasonic
504631,AVpge6k2LJeJML43OhAl,Sennheiser,Sennheiser
RX-V481BL,AVpe5gDcilAPnD_xQYGt,YAMAHA,Yamaha
CMY32GX3M4A1600C9,AVpjM1qtLJeJML43s0o6,Corsair,Corsair
ZM-KSH004W,AV0YuJPTglJLPUi8HTt7,Zmodo,Zmodo
MDRXB550AP/B,AVwjdvlHv8e3D1O-nnLR,,Sony
WD10JPLX,AV1YFizWvKc47QAVgp_J,,WD
ESCRT-0100018-2,AVwXJZUinnc1JgDc5iYe,,Escort
E1659FWU,AVpixlT01cnluZ0-QjcQ,,AOC
SM-J320VLPP,AVqVGHKQnnc1JgDc3jDC,Samsung,Samsung
TCD849000,AVphaaUz1cnluZ0-CLK6,TIVO,Tivo
ROD NTG1,AVpikV2EilAPnD_xFZZC,RODE,RODE
100174300,AV03XQcRglJLPUi8HuMv,,Garmin
NOWLHEADCARBON,AVqkGbtyU2_QcyX9O0XN,,Audioquest
PB12-PLUS-BLACK-OAK-110,AVpikdr9ilAPnD_xFago,,SVS
RJEVOD0.75,AVpfxTMl1cnluZ0-q9iM,,AudioQuest
984-000659,AVtidMFpQMlgsOJE8Q-w,"Logitech, Inc",Logitech
MT-382-BLK,AVqlD-linnc1JgDc3m5J,,Incipio
MAIN-67889,AVphDO5L1cnluZ0-9rFl,,JBL
ELECTRIC125H,AVpgSZ-x1cnluZ0-zWGy,,Elite Screens
SRSXB40/BLUE,AVsRhLwTv8e3D1O-lxO6,,Sony
MZ-V6E250BW,AVpiaEp_ilAPnD_xD4Vx,Samsung IT,Samsung
USB3SDOCKDD,AVpgnxYZLJeJML43Qghp,StarTech.com,StarTech.com
MLY92LL/A,AVqVGlGynnc1JgDc3jIv,,Apple
80V6000PUS,AVpizX7q1cnluZ0-QzCA,,Lenovo
LG-VS810KPP,AVpg6UJcilAPnD_xy0ZF,,LG
SDVD7078,AVzdPPJYglJLPUi8GICc,,Sylvania
SB-5574UHD-BL,AVqVGTsvv8e3D1O-ldE2,,SunBriteTV
PDWM1904,AVpe67lH1cnluZ0-Z3GK,PYLE,Pyle Pro
JBLV310BTGML,AV03erfhglJLPUi8Huac,,Jbl
AS401XB,AVwjvvLpQMlgsOJE8qvo,,Aftershokz
EP-X7-BLBK-MEE,AV03ean0glJLPUi8HuaX,,Mee Audio
F19205,AVpgTbxs1cnluZ0-zl6s,,Sigma
49163267,AVpfCxqDLJeJML431IeK,Jensen,Jensen
R9000-100NAS,AVqkEX69nnc1JgDc3jxg,NETGEAR,Netgear
1Z0592,AVpgshBg1cnluZ0-5JlU,Epson,Epson
3543_PSPLUS-4K-2N1-RGLD,AVqlD-sZnnc1JgDc3m5M,,mophie
SM-J727UZKAXAA,AV4GUDX1-jtxr-f3_cO3,,Samsung
HTXT2,AVpgIKYELJeJML43JV9V,Sony,Sony
SOL-EP1190BK,AVqkGSNtv8e3D1O-ld_h,,Sol Republic
YOGA MOUSE-BLACK - GX30K69565,AVpjClDyLJeJML43rZxv,Lenovo Corporate,Lenovo
LP36955,AVpgpoWBilAPnD_xvdpa,,Lowepro
RXA-1070BL,AV0WC9GIglJLPUi8HSdr,,Yamaha
GOLDG02R,AVpf1Yl5ilAPnD_xjIAW,AUDIOQUEST,AudioQuest
MCRB043BL,AVpiBT8VLJeJML43hWwi,Yamaha,Yamaha
SB-S-43-4K-BL,AVqVGTtCv8e3D1O-ldE3,,SunBriteTV
CA-PH410-G1,AV2Z092TGV-KLJ3al2Mv,,NZXT
UEXA,AVpfhMJ9ilAPnD_xdMFC,Definitive Technology,Definitive Technology
MONITOR6C,AVpfEegx1cnluZ0-dPez,MTX,MTX
PB12-PLUS-PIANO-BLACK-110,AVpfcba7LJeJML439U5t,,SVS
SDSSDA-120G-G27,AWAGKJ6fuC1rwyj_i7km,,SanDisk
NR1508,AVwjhoqQQMlgsOJE8qnh,,Marantz
VF-AT-D,AV13C2saglJLPUi8O7pU,,Visidec
SF64UX2/TQ,AVpg-Wj61cnluZ0-8sZe,Sony,Sony
AS801SL,AVpinajALJeJML43nZV8,Yamaha Electronics,Yamaha
MLH42LL/A,AVpfZaCp1cnluZ0-kDV9,Apple,Apple
MW60S2,AVpfXUZ5ilAPnD_xacpv,,Master & Dynamic
ML140 PRO LED - WHITE,AVwsxGnCU2_QcyX9RyCk,,CORSAIR
505565,AV1YF6vzvKc47QAVgqFr,,Sennheiser
9486B002,AVphAj0QilAPnD_x0FhM,Canon Cameras US,Canon
ZM-SH75D001-WA,AV1YE6a-GV-KLJ3adckJ,,Zmodo
SEL2470GM,AV1YHr0_-jtxr-f31NdW,,Sony
RX-V383BL,AV0oxhu8vKc47QAVf8Pw,,Yamaha
VXT5-B1,AVphV9sX1cnluZ0-BUpq,,Sanus
ID6RGKBB0,AVpfUijE1cnluZ0-ikFo,Zagg,ZAGG
DSCWX220/B,AVpfIODe1cnluZ0-eg35,Sony,Sony
HEOS1+1+GOBK,AVpgmq0TilAPnD_xuyNV,Denon,Denon
SXEZR1H1,AVwjcjEgv8e3D1O-nnKl,SiriusXM,Siriusxm
SIL-352M-KKN1,AVpe-JYpLJeJML43zgRH,Coolermaster,Cooler Master
SDSSDHII-500G-G25,AV075a6pglJLPUi8HyjQ,,Sandisk
PWMA1003T,AV13IiJCvKc47QAVnld8,,PYLE
CC-9011101-WW,AVwsxEumU2_QcyX9RyCK,,Corsair
SL-BK-3,AWDfoawOuC1rwyj_ldUI,,Peak Design
A1272H11,AVzxt6Mb-jtxr-f3z5_B,,Anker
ETLTUSBBLK,AVphihSUilAPnD_x6mXX,Emerge,Retrak
MKWM2LL/A,AVpiGOez1cnluZ0-JzNW,Apple,Apple
QN65Q7CAMFXZA,AVqVGUFCv8e3D1O-ldFF,Samsung,Samsung
P55C1,AVpf7PsHilAPnD_xkn6H,Vizio,VIZIO
1062328,AVpgmhvuilAPnD_xuwLk,KLIPSCH,Klipsch
WDBVXC0040HWT-NESN,AV8whL5eHh53nbDR-yBh,,Western Digital
SPFS52,AVpfHcah1cnluZ0-eQLY,Pioneer,Pioneer
kdc-hd262u,AV13EBmMvKc47QAVni6i,,Kenwood
WF1000X/BM1,AWAiLmnZHh53nbDRB184,,Sony
UN65MU9000FXZA,AVzSv0q-vKc47QAVd60B,,Samsung
DYNAMO 500,AVphIUMBilAPnD_x1qCs,,MartinLogan
SA400S37/120G,AVqVGc1pU2_QcyX9Ozc7,,Kingston
34-b010,AVs1UXObQMlgsOJE7brT,,Intel
MZ-76E500B/AM,AWH8KlPuuC1rwyj_oPzR,,Samsung
V12H808001,AVpfL8HBilAPnD_xWyLG,"EPSON AMERICA, INC.",Epson
12ZXDSP1,AVphsdw21cnluZ0-FWwn,,KICKER
XBR-75X850E,AVqkH8TtU2_QcyX9O0rJ,,Sony
VSC-550BT P4,AWHkCHGSYSSHbkXwxLTx,,Victrola
61302,AWFbOYQWuC1rwyj_nLCW,,Steelseries
CMSX16GX4M2A2400C16,AVphIbvi1cnluZ0--vFy,Corsair,CORSAIR
CTL4100,AWK80MDaYSSHbkXwzOPK,,Wacom
RXV479BL,AVpe48Es1cnluZ0-ZHZU,Yamaha,Yamaha
VSXLX102,AV2ZpDBUvKc47QAVpH5Z,,Pioneer
RZ04-01490100-R3U1,AWK80AtWuC1rwyj_qBNI,,Razer
WD40EFRX,AV1YFZVDvKc47QAVgp7V,,WD
CA-9011152-NA,AV6OKFxgKZqtpbFMQDIY,,Corsair
SM-R365NZRAXAR,AV_OFKchHh53nbDRAGv9,,Samsung
EM-FA001-PT,AVpfXjw8LJeJML437-AV,House of Marley,House of Marley
CW-9060025-WW,AVpfYKih1cnluZ0-jsHP,Corsair,Corsair
ST670P,AVpgkVGxLJeJML43PvG8,Peerless,Peerless
R120WH2,AVpgqcjR1cnluZ0-4riR,Elitescreens,Elite Screens
SRSHG1/BLUE,AVpfvvEv1cnluZ0-qhEo,Sony,Sony
SF64UY2/TQ,AV2Zso-9GV-KLJ3al19m,,Sony
SC4000,AVpgc0AAilAPnD_xslLC,,Definitive Technology
CMU16GX4M2A2400C16,AVzYndejvKc47QAVeabi,,CORSAIR
AVRS930H,AV1YuBR1GV-KLJ3adlXG,,Denon
SR64UXA/TQ,AVpghnMgilAPnD_xtpQd,,Sony
AXIS,AVpgVw171cnluZ0-0Iyx,,MartinLogan
5b45 Black,AVpe-VHsilAPnD_xSI1n,,Russound
RJECIN0.75,AVphKMUT1cnluZ0-_E1m,AudioQuest,AudioQuest
RZ01-01610100-R3U1,AVpfIYP41cnluZ0-ekbr,Manufacturers Limited Warranty:2 Year,Razer
010-01343-00,AV1YFIRcvKc47QAVgp0Y,Garmin,Garmin
TSG1345R,AV1cIKWjglJLPUi8IVZ6,,Pioneer
HD 800,AVpfSFAYLJeJML436OWI,2 Years,Sennheiser
RTR1530,AVpe6WsvLJeJML43yIEe,BIC America,BIC America
SDSSDXPS-480G-G25,AVpf1xKf1cnluZ0-sPxw,,SanDisk
41DSC44,AVphOTrFLJeJML43YULP,,Kicker
GX602,AVpf1tHJLJeJML43ErjT,,JBL
NS-PWLC641,AVpf2f35ilAPnD_xjcBx,,Insignia™
UHD60,AV21LMg6GV-KLJ3amVZi,,Optoma
JB01507,AV8wmcHmKZqtpbFMSQpD,,Joby
SPK-A2733,AVpf1bFpLJeJML43Emhv,Speck,Speck
SVG2482AC,AVwjfyCcnnc1JgDc5uVk,"ARRIS Solutions, Inc.",Arris
DQ-AC19V19-6044,AVpe5V6WLJeJML43xv0Q,Denaq,DENAQ
Seven,AVpgHHF01cnluZ0-wo3k,,Definitive Technology
KD43X720E,AVz7Rf5L-jtxr-f30IE4,,Sony
HCE-C125,AVpiMIyE1cnluZ0-K0TA,Alpine,Alpine
506266,AVpfIbUxLJeJML433DsT,,Sennheiser
RE270K,AV0OpLQ3GV-KLJ3achNd,,TP-Link
WD8001FFWX,AVpjAIvzLJeJML43rB_L,Western Digital,Western Digital
BRVHDBG,AVpfGMoGilAPnD_xU4HO,Incipio,Braven
AIRMM03F,AVpgElwvLJeJML43Idrn,Aluratek,Aluratek
429-AAUX,AVpfe3Ba1cnluZ0-lgks,Dell,Dell
SMN950UZKAXAA,AV50n1VnGV-KLJ3ax_ED,,Samsung
HP-AF32-GK-MEE,AV1YGZgc-jtxr-f31NW4,,MEE audio
HT-ST9,AVpfs_O11cnluZ0-ptWU,Sony,Sony
GDI-EXCBN201,AVpfVLZp1cnluZ0-iw-7,,ECOXGEAR
KWV220BT,AVpf5WkYilAPnD_xkKb9,JVC,JVC
NR1608,AVwjhogVQMlgsOJE8qng,,Marantz
K72359WW,AV2sDBRw-jtxr-f39s-y,,Kensington
KTP-445U,AVpfqQAtLJeJML43BWjp,,Alpine
MLH32LL/A,AVqVGaCCU2_QcyX9Ozcf,Apple,Apple
TCDA93000,AV1YFq_KvKc47QAVgqBw,TiVo,Tivo
OC100T,AVpflvQNLJeJML43ABEf,OmniMount,OmniMount
WE72 7RJ-1032US,AVs1TvG9nnc1JgDc4f0A,,MSI
ENG-N5100,AVpfYbvlLJeJML438OyO,Bower Camera,Bower
SP-3001,AVpjVjlCLJeJML43uD8X,,Secur
HDWD120XZSTA,AV14DyxYvKc47QAVnx9a,,Toshiba
XDP300RB,AVwjd3Tiv8e3D1O-nnLd,,Pioneer
70609017686,AVz8zq-zglJLPUi8HFJg,,Rand McNally
CWV SL45C,AVpgVvUSilAPnD_xrGqa,,Cerwin Vega
SSW-L6EX,AVpf4eTEilAPnD_xj8az,Sima,Sima
iBN43BC,AVpfF0EXLJeJML432L1o,iHome,Sound Design
LP36651,AVpi8zEw1cnluZ0-SH8V,LowePro,Lowepro
XAV-AX100,AVqVGHT0v8e3D1O-ldB-,"Sony Mobile Communications, (USA) Inc",Sony
KD70X690E,AV15Am6v-jtxr-f38Rtj,,Sony
900667,AVphCBWM1cnluZ0-9bKX,Visiontek,VisionTek
GS116E-200NAS,AV13GWKcGV-KLJ3akQXf,,NETGEAR
GSS308G,AVpiBS5p1cnluZ0-I7bg,Papago,Papago
DM200-100NAS,AVpf7HjRilAPnD_xkl8-,NETGEAR,Netgear
MV1-01A-BL,AVqVGOLmU2_QcyX9OzaC,,Mevo
SC2-RK15K/SC2-RK16K,AVqVGVZYv8e3D1O-ldFb,,Sideclick
XL-HF102B,AVpff-RMLJeJML43-Sh-,,Sharp
ACK40401,AWFbOTMQuC1rwyj_nKwZ,,Wacom
Rc-942-Kkn1,AV13D7U_vKc47QAVni1h,,Cooler Master
VPLHW45ES,AVpfX03ALJeJML438DC6,Sony,Sony
H3T51AA#ABC,AVpfHnkMilAPnD_xVWCC,HP Inc,PNY
ELECTRIC100H,AVpft3YCilAPnD_xg-CP,Elitescreens,Elite Screens
X105-RF-X1-BBY,AVpfIWCJilAPnD_xVlzE,x6d inc,X6D
33-0660-05-XP,AVpfPEx61cnluZ0-gyT9,Samsung,Samsung
WX030WH,AVpfVpNi1cnluZ0-i6p5,YAMAHA,Yamaha
DRAGONFLYBLK,AVphZeXUilAPnD_x47pt,Audioquest,AudioQuest
TRAVEL-ADAPT,AVpgakmD1cnluZ0-1KHz,Sunpak,Sunpak
129279-00,AVzxtGzMvKc47QAVfTV8,,Monster
GC1500,AVpgd-PjilAPnD_xs1mZ,Diamond Multimedia,Diamond Multimedia
CX 7.00BT,AWBEOV5nHh53nbDRCJgI,,Sennheiser
JBLREFCONTOUR2BLU,AWLX-R7IIwln0LfXlgMU,,JBL
SDSSDHII-1T00-G25,AV0A8q3yvKc47QAVflUG,,SanDisk
QN55Q8FNBFXZA,AWLWo1jUuC1rwyj_qO3k,,Samsung
XBR55X900F,AWIm6-ZpIwln0LfXkBQX,,Sony
SNH-P6410BN,AV1YF0uvglJLPUi8IGic,,Samsung
V104190BU000,AVwjc_-jv8e3D1O-nnKy,,Olympus
RX-A870BL,AV0ox1E0vKc47QAVf8Pz,,Yamaha
M-5010,AVpgJWl_1cnluZ0-xKC3,ONKYO,Onkyo
COMPANION 20,AVphvlLfilAPnD_x81a2,Bose,Bose®
SM-J327UZKAXAA,AV4GSEssglJLPUi8SbrB,,Samsung
PM8-AV,AVpfiRcdilAPnD_xdfwQ,,Panamax
NS-PA40BL,AVpe7f2rLJeJML43yi3P,Yamaha,Yamaha
R-S300BL,AVpfC_9v1cnluZ0-cuhn,Yamaha,Yamaha
SDSDXPB-064G-A46,AV1YFFAIGV-KLJ3adcob,Manufacturers Limited Warranty:Lifetime,SanDisk
XD-3,AVphdi9-ilAPnD_x5saO,Cerwin Vega,Cerwin-Vega
P6120HMPR/4,AVpfWxx7LJeJML437u-H,Sony,Sony
KD-R880BT,AVpfIs9u1cnluZ0-eriO,JVC,Jvcm
CMK16GX4M2B3200C16,AV2Z0_j4-jtxr-f39lm1,,CORSAIR
W ADAPT,AVpi-KBm1cnluZ0-SU21,,Definitive Technology
65N7000U,AVpibYTnLJeJML43lmGY,Sharp,Sharp
GRBM30,AVpgfuqcLJeJML43OsKt,Go-Pro,GoPro
ISSH6501,AVpe7OvBLJeJML43ycsp,iSimple,iSimple
WDBBGB0060HBK-NESN,AWFKEUxkuC1rwyj_nF67,,Western Digital
MB SSB-4BB,AVphcp_silAPnD_x5h7q,Manfrotto,Manfrotto
HDRAS200V/W,AV1h-XnaglJLPUi8Ijco,120,Sony
qn65q6fnafxza,AVrI3KE1U2_QcyX9O9Iw,,Samsung
A232-10CP,AVpgFvMuLJeJML43IwJi,Atrend,Atrend
JB00134,AV1mqGjA-jtxr-f32LQX,Joby,Joby
627840-1110,AVpgSxBfLJeJML43L4HH,Bose,Bose
CX 3.00 RED,AVpgkbEJ1cnluZ0-3UNS,,Sennheiser
UN49M5300AFXZA,AV4d7ZruvKc47QAVrsW9,,Samsung
100s-14ibr,AVrI6FDbv8e3D1O-lm4R,,Lenovo
TL-SG108,AV1YFqwjglJLPUi8IGfb,,TP-Link
MDR-1000X/C,AVqkGYsInnc1JgDc3kF0,,Sony
PLBASS2.8,AVph29Q41cnluZ0-HMvE,Sound Around,Pyle
VG939SM,AVphLdXD1cnluZ0-_UqX,,ViewSonic
MNF72LL/A,AVqkJJNMQMlgsOJE6f5G,Apple Computer (Direct),Apple
ISFM2351,AVpiF2efilAPnD_xApKK,iSimple,Isimple
981-000708,AWFbOS4iHh53nbDRF8km,,Logitech
ER120WH2,AVpfmlwTLJeJML43ARpr,Elitescreens,Elite Screens
ZH1,AVpf3h8LLJeJML43FK1A,Zoom,Zoom
49s405,AWFFTzcwYSSHbkXwwCzw,,TCL
TS-A4676R,AVpftMuHLJeJML43COhu,Pioneer,Pioneer
DV64,AVpgDzKlilAPnD_xmy6R,BIC America,BIC America
f5-s-b,AVpiZYNc1cnluZ0-M4Wp,JAYBIRD,Jaybird
LZV2722B,AVpgP2PVilAPnD_xpr60,Lorex,Lorex
DS7SI,AVpiuTls1cnluZ0-QEbf,,Niles
wss2-w1,AV2ZpBfQ-jtxr-f39lSG,,SANUS
CP2,AVpfiR8BilAPnD_xdf6J,Limited Lifetime Warranty,Peak Design
WDBVBZ0080JCH-NESN,AVpe-M6kLJeJML43zhke,Western Digital,Western Digital
NWWS413BM,AVpe77ZXLJeJML43ysuz,Sony,Sony
JBL TRIP,AVpiNkstLJeJML43jdxI,JBL,JBL
SOLEP1170GY,AVqVGQr8U2_QcyX9Oza4,,SOL REPUBLIC
SDMX26-008G-G46P,AVpfj2951cnluZ0-m-df,SanDisk,Sandisk
HH025K,AVphtx6BilAPnD_x8hCO,Panasonic,Panasonic
tx-nr555,AVpimXsUilAPnD_xFsXu,Onkyo,Onkyo
ISBT52,AVpe7KnLilAPnD_xQ_jf,Pac,Isimple
100-97500011-02,AVqkGdtwnnc1JgDc3kGs,,Jabra
TSX-B235WH,AVpe627E1cnluZ0-Z1XF,,Yamaha
CMSO16GX3M2A1333C9,AV2Z0u_eglJLPUi8Qkd_,,Corsair
BOX - DAC BOX E BLACK,AV7tZTTYYSSHbkXwokf2,,Pro-Ject
DCS-8000LH/2PK-US,AV5OxRab-jtxr-f3FM0V,,D-Link
1060400,AV1YGRRq-jtxr-f31NVc,,Klipsch
UN55MU6490FXZA,AV4GQTIsvKc47QAVrDiV,,Samsung
PA248Q,AVpfHyx-LJeJML43217r,,ASUS
741648-0010,AVpjY0V_ilAPnD_xM_Bb,BOSE,Bose
125070,AVpgMwSVLJeJML43KZfY,PreSonus,PreSonus
LSIM706CCH,AVpgEZe61cnluZ0-v9uU,Polk Audio,Polk Audio
DT 6.5STR,AVpgghMx1cnluZ0-2bV8,,Definitive Technology
RJECIN01.5,AVpfnKNvilAPnD_xe_vG,AudioQuest,AudioQuest
SB-S-43-4K-WH,AVqVGTt6U2_QcyX9Ozbx,,SunBriteTV
IAMEP2001BKBK,AVws-n_7U2_QcyX9R2Oe,,I.am+
HEOS5HS2WT,AVpe_acjLJeJML43z8pV,Denon,Denon
CP9020037NA,AVpiW9hn1cnluZ0-MgBn,,Corsair
ZTE9518ABB,AVpi7cKLLJeJML43qUfQ,ZTE,ZTE
55UJ7700,AWFFJGBBHh53nbDRFyNR,,LG
EO-BG930CBEGUS,AVqVHlLeQMlgsOJE6eg7,,Samsung
Everest-750,AV03evLPGV-KLJ3adEOo,,Jbl
GP60NB50,AV1YtWoW-jtxr-f31VSn,LG ODD,LG
KFC-W3016PS,AVpfTvf3ilAPnD_xZUM4,Parts,Kenwood
77-50780,AVphJhbELJeJML43XYVa,OtterBox,LifeProof
SB-4374UHD-BL,AVqkH7o6nnc1JgDc3kZx,1-Year,SunBriteTV
CB5-571-C4G4,AVphoJF41cnluZ0-ElhO,Acer,Acer
WD10EZEX,AVwjf1aKnnc1JgDc5uVn,,Western Digital
PLW1000-100NAS,AWFFs0b8Iwln0LfXiQnR,,Netgear
910005132,AWKuk69CHh53nbDRIyJ2,,Logitech
QN55Q7CAMFXZA,AV1YHofqglJLPUi8IGyn,,Samsung
BDVE3100,AVpfSYlFLJeJML436UdP,Sony,Sony
SRSXB3/BLK,AVpiomnPLJeJML43nlpH,,Sony
GMD8601,AVpgRiy2LJeJML43Lk7h,Pioneer,Pioneer
F6TFKS01,AVpf_MNQLJeJML43HChE,Fugoo,FUGOO
SC-LX501,AVqVGVlKQMlgsOJE6eTy,,Pioneer
CL-9011109-WW,AV0A1J2_GV-KLJ3acahx,,Corsair
9839B001,AVphRnusLJeJML43Y7wt,Canon Cameras US,Canon
ISB23R,AVpf153xLJeJML43EvR2,Ilive Blue,iLive
SFD328,AVpgRCQgLJeJML43Lc56,,Bower
cr49-ta,AVpgsD9OilAPnD_xwAU2,Crosley Radio,Crosley
PRJD903,AV13ChPDvKc47QAVnh7U,,PyleHome
MCR-332,AVpgwmqC1cnluZ0-6Ary,YAMAHA,Yamaha
78551,AVpi-XdoLJeJML43qxdi,"Westone Laboratories, Inc.",Westone
ST6000VX0023SP,AVqVSptYv8e3D1O-ldT0,,Seagate
D01-SSP,AVpiGuIm1cnluZ0-J4x4,Spartan,Spartan
A20,AVpgUl_U1cnluZ0-z3Gz,Pioneer,Pioneer
NS-IC600 WH,AVpfeG5oilAPnD_xcTsG,Yamaha,Yamaha
RAD450,AV1YF-rE-jtxr-f31NQi,,Cobra Electronics
MMGM2LL/A,AVpf-2hGilAPnD_xlfDv,Apple,Apple
MNE02LL/A,AVzxl9XGvKc47QAVfStn,Apple,Apple
SP-BYTA,AVpf2Q7B1cnluZ0-sYrZ,Sabrent,Sabrent
EM-JA006SB,AVqkHRDnv8e3D1O-leK1,,House of Marley
EP-P1-ZN-MEE,AVqkGirov8e3D1O-leCF,MEE audio,MEE audio
1062167,AVqkGfnSQMlgsOJE6fVs,Klipsch X12 Bluetooth Neckband Headphones (black Leather),Klipsch Xr8i In-Ear Headphones
BS-GS2024P,AVpf0KCjilAPnD_xixsO,,Buffalo
LP36258,AVpiTWaA1cnluZ0-L8i9,Lowepro,Lowepro
78489,AVpg8j-3LJeJML43Uvdl,"Westone Laboratories, Inc.",Westone
EVOY-BP17,AVpgumyeilAPnD_xwkDK,ECO STYLE,ECO STYLE
VL15K,AVpe3sn51cnluZ0-YnkJ,Bower,Bower
CAPH410W1,AVpgAwdqLJeJML43HdVe,NZXT,NZXT
AS801BL,AVpiumIgilAPnD_xG_31,Yamaha Electronics,Yamaha
SRSX11/BLK,AVpgQP5vLJeJML43LQbd,Sony,Sony
BOSE 791 IN-CEILING SPKERS II,AVpjQX4C1cnluZ0-U473,Bose,Bose®
RE7000,AWFFkl2hIwln0LfXiPPs,,Linksys
SPS-517,AVpgIu4Q1cnluZ0-xBK-,Alpine,Alpine
TLWDN4800,AVpfifVe1cnluZ0-mjMy,,TP-Link
STRDN1070,AVph6KT7ilAPnD_x-rMf,Sony,Sony
2201,AV1YDIi6vKc47QAVgpcL,,Nikon
W9,AVphadZFLJeJML43andG,1 Year,Definitive Technology
MD16384KD3-1866-K-X10,AV1YFcBcGV-KLJ3adcyI,,Pny
SXSD2,AVphpDVCilAPnD_x7rUn,Audiovox,SiriusXM
SDSSDHII-960G-G25,AV1dnwa1glJLPUi8IcCT,,SanDisk
SoundSport IE HP SMSG BLK,AVpgCttILJeJML43H-FM,,Bose®
SRSXB20/BLUE,AVsRhL9qnnc1JgDc34iS,,Sony
UNH15BP-8,AVpgGSKwLJeJML43I4wb,Energizer,Energizer
NS-IW470WH,AVpfvr461cnluZ0-qgHR,Yamaha,Yamaha
oled65c7p,AVzxqGmivKc47QAVfTIA,,LG
506783,AVzYfIDf-jtxr-f3y-EQ,,Sennheiser
FBA_V100NXTBLK,AVqVHkpdv8e3D1O-ldP8,Jbl Everest 110 In-Ear Wireless Bluetooth Headphones (silver),JBL
EF-NG950PBEGUS,AV7pbgtYHh53nbDR-dz-,,Samsung
RSB-6,AVqkEINOU2_QcyX9Oz9r,Klipsch,Klipsch
70RT,AVpf_vBRilAPnD_xltwK,,Polk Audio
SYD01.5R,AVpgzp3F1cnluZ0-6kgL,,AudioQuest
RJEVOD01.5,AVpfGDKYLJeJML432RLn,AudioQuest,AudioQuest
PC12-PLUS,AVpiNqCiLJeJML43jeuZ,,SVS
XBR75X900F,AWImbym8Hh53nbDRHk6w,,Sony
STEA4000402,AVpiHEE31cnluZ0-J8jJ,Seagate Technology,Seagate
TX-NR575,AVwjhoD2v8e3D1O-nnNv,Onkyo,Onkyo
H-HS043K,AVpflVnGilAPnD_xecZy,,Panasonic
UN65MU6290FXZA,AV_Ic1sLYSSHbkXwqI3O,,Samsung
PLTS78DUB,AVpe8hbu1cnluZ0-ab42,Pyle,Pyle
MNQF2LL/A,AVqVGaEBv8e3D1O-ldFu,Apple,Apple
101224210,AVpfHy6S1cnluZ0-eXnS,Garmin,Garmin
BCTRW,AVpe_semLJeJML430DAU,Sony,Sony
NS-AW390WH,AVpe-NWO1cnluZ0-bDPW,,Yamaha
MAIN-62303,AVzxufilglJLPUi8G2HN,,Google
MJ1L2AM/A,AV1YFGAl-jtxr-f31M9C,,Apple
BDR-XD05S,AV1YFjNZglJLPUi8IGc8,Pioneer,Pioneer
SRSHG1/RED,AVpfv62D1cnluZ0-qkPY,Sony,Sony
ILCE7K/B,AV1YHuWeglJLPUi8IGzF,,Sony
DSCRX100M5/B,AVpfWGrYLJeJML437hk2,Sony,Sony
TH-GW10,AWIsTj6wHh53nbDRHmEp,,Toshiba
TBS-6160-01,AVpfhlDsLJeJML43-wIX,,Turtle Beach
11KB6000W,AVphpQwR1cnluZ0-EyPP,KICKER,Kicker
GDI-EGST702,AVpgLoHn1cnluZ0-xrt6,Grace Digital Audio,ECOXGEAR
72ND9,AVpgwOszLJeJML43SX0w,Tiffen,Tiffen
VSX-832,AV0ox1FivKc47QAVf8P0,,Pioneer
XFBTPHCRM,AVpe6fQ1ilAPnD_xQvv9,V-Moda,V-Moda
55H8C,AVphSL2JLJeJML43ZCLZ,Spacepole Ince,Hisense
HD142X,AV1YFdlF-jtxr-f31NG4,,Optoma
CTNZPUS1,AVpit06cLJeJML43oab2,Sonos,Sonos
MG7310-10,AVpjVScG1cnluZ0-VnJk,MTRLC LLC,Motorola
SDMX26008GG46K,AVpfy7KT1cnluZ0-rbvG,,SanDisk
DDX9703S,AVpgb7MYilAPnD_xsZq5,KENWOOD,Kenwood
YD8345,AVpfdwURilAPnD_xcN_A,SanDisk,SanDisk
AR150WH2,AVpe6jFBilAPnD_xQxO2,Elitescreens,Elite Screens
MSOS420,AVpfyTNZ1cnluZ0-rQfL,Fusion,Fusion Marine
C01BR30MSP,AVphTzSz1cnluZ0-A5O2,1 year warranty,Sengled
EM-DH003-IO,AVphjNVhLJeJML43cNXo,,ONLINE
MM7025,AVpif-lR1cnluZ0-N2u9,Marantz,Marantz
NS-SW300PL,AVpgLYjnilAPnD_xonGt,,Yamaha
3566,AVyn8_rsU2_QcyX9UDCW,,mophie
XFBT2-MBLACK,AVwjdjOXnnc1JgDc5uTu,,V-Moda
789564-0010,AV68tL_3KZqtpbFMRazm,,Bose
GL502VM-BI7N10,AVqkI_mdnnc1JgDc3ko9,,Asus
UAG-SFPRO4-BLK-VP,AVphFe7t1cnluZ0--IL-,Urban Armor Gear,Urban Armor Gear
Q534UX-BI7T22,AVzNkD4bglJLPUi8FXQC,,Asus
78514,AVpijCc5ilAPnD_xFNI6,"Westone Laboratories, Inc.",Westone
PTM200,AVpfAHy7ilAPnD_xSw71,,Peerless-AV
MM8077,AVpfQFQ-1cnluZ0-hHW5,Marantz,Marantz
HD-LX3.0TU3,AVpfhqMC1cnluZ0-mUBi,Buffalo Technology,Buffalo Technology
A-S2100BL,AVphvkgGLJeJML43eVIb,,Yamaha
TSX-B235BL,AVpfuAxyilAPnD_xhA9L,,Yamaha
08G-P4-6282-KB,AWIYLqVnYSSHbkXwxw9c,,Evga
5b65s Black,AVpf3_M4ilAPnD_xj0ph,,Russound
HTCT800,AVwjdICannc1JgDc5uTl,,Sony
UN65MU7000FXZA,AVwjhdTFv8e3D1O-nnNl,,Samsung
XBR55X700D,AV1YDT2uvKc47QAVgpgi,,Sony
SRS-XB41/B,AWLqHC23Iwln0LfXl6G4,,Sony
XBR43X800E,AVqkH8AHnnc1JgDc3kaB,,Sony
CD-BH950,AVqVGRATnnc1JgDc3jFE,,Sharp
SP-SB23W,AVpf6QQIilAPnD_xkYtp,Pioneer,Pioneer
981-000585,AWFPIftXuC1rwyj_nIQs,,Logitech
R8000P100NAS,AV15efdWGV-KLJ3akfh_,,Netgear
CDC600BL,AVpfCW42ilAPnD_xTj0y,Yamaha,Yamaha
MD8GSD31600NHS,AVpjOxDh1cnluZ0-UqZO,,PNY
SUB8GB,AVpfCLYC1cnluZ0-cdN5,,Kanto
HC 2045 Projector - V11H709020,AVpfpHOsLJeJML43BBoB,Epson,Epson
5R82-G,AVpgaBHP1cnluZ0-1Cp6,Russound,Russound
PP4-00001,AVphxbgP1cnluZ0-GOgn,,Microsoft
43CSC44,AVqVGm4XU2_QcyX9Ozds,Kicker,Kicker
HX-HSCF-BK/AM,AWM7tLUgHh53nbDRKC6-,,HyperX
TCD846000V,AWInTtJpYSSHbkXwx3pV,,TiVo
KDL48W650D,AVpfM8Rp1cnluZ0-gFTv,,Sony
VTL17IR,AVpfucJeLJeJML43Cmqq,Boyo,BOYO
MH40S2,AVpfaey3LJeJML438zOU,,Master Dynamic
G1-710-70004,AVqkJey9nnc1JgDc3kvk,,Acer
EM-FE053-SB,AVqVHk9yU2_QcyX9Ozm8,,House Of Marley
MHNH2AM/A,AVpfSiz2LJeJML436Xzf,Beats,Beats
DP300F,AVpgHYROLJeJML43JKG9,Denon,Denon
EF-NG955PBEGUS,AVtis_nnnnc1JgDc5VVK,,Samsung
UN65MU7500FXZA,AWOpLyzrHh53nbDRKmTD,,Samsung
PH550/US,AVphp9ZD1cnluZ0-E6Q1,,LG
MH332LL/A,AVpiMOWkilAPnD_xBu_X,,Apple
XBR55X800E,AVqkH8PGU2_QcyX9O0rI,,Sony
FLYC4KC01BEN,AV1YHulm-jtxr-f31Ndj,,360fly
YSP-4300BL,AVpfm9_AilAPnD_xe8Dd,Yamaha,Yamaha
PDX-M12,AVpgV_Dk1cnluZ0-0L_y,Alpine,Alpine
9001G4112520001,AV0A-tRVGV-KLJ3aca3M,,NVIDIA
MZ-N5E500BW,AV1YFi6VGV-KLJ3adc08,,Samsung
ANT1251F,AVpgNClnLJeJML43KdpA,RCA,RCA
GU500001,AV1YFL1ZglJLPUi8IGTm,,Microsoft
11KB6000B,AVpfTUNqilAPnD_xZLQX,KICKER,Kicker
SPE-5000,AVphVnUALJeJML43Zr9N,Alpine,Alpine
P101W,AVpfpp311cnluZ0-oudw,Kanto,Kanto Living
MPXY2LL/A,AV1Mr7IRvKc47QAVgczd,,Apple
AF-T1-BK-MEE,AV2Zozr6vKc47QAVpH4n,,MEE audio
SDVD9957,AVpfvKEYilAPnD_xhWiD,Sylvania,Sylvania
STRDN1080,AVwjhoCGU2_QcyX9Q9ea,,Sony
GDI-EGST701,AVphrugr1cnluZ0-FOeH,Ecoxgear,Grace Digital
RX-4208,AVpfvGnyLJeJML43Cy-b,Sherwood,Sherwood
SDCFXS-064G-A46,AVpfgjARLJeJML43-dTq,Manufacturers Limited Warranty:Lifetime,Sandisk
GHOCAS366,AVtieYwHv8e3D1O-nOan,,Ghostek
HT2050A,AWD3ssynIwln0LfXgpwF,,BenQ
ZA270025US,AWBTOXcsKZqtpbFMV5fW,,Lenovo
LP36875,AVpjX4QQilAPnD_xM2IQ,,Lowepro
MZ-75E2T0B/AM,AWOpWM18YSSHbkXw09Yj,,Samsung
920-008617,AVzYkQ07GV-KLJ3abOv9,,Logitech
CDR895D,AV13EPfyGV-KLJ3akPCa,,Cobra
CM700100NAS,AVqPi8_6QMlgsOJE6c-y,Netgear Inc,Netgear
MG278Q,AVphAbip1cnluZ0-9HBE,Asus,ASUS
SRSXB2/RED,AVpiJoY0LJeJML43iz5-,Sony,Sony
NS-HTVMF0C,AVqVGVn7nnc1JgDc3jFw,,Insignia
OLED65B7A,AV1_Im8jGV-KLJ3akyKW,,LG
RS 175,AVpfhULY1cnluZ0-mN6h,Sennheiser,Sennheiser
SK869BT+,AV1YF-HWGV-KLJ3adc81,,SHARKK
EG1-4500D,AVpgLFoPLJeJML43KAsf,Power Acoustik,Power Acoustik
GUH3C3PD,AV-pPOFauC1rwyj_ghHT,,IOGEAR
JBLREFCONTOUR2BLK,AWLX-N9tHh53nbDRJHOh,,JBL
QN65Q7FNAFXZA,AWLiJFrAIwln0LfXlwAw,,Samsung
ILCE5100L/W,AV1YDsmoGV-KLJ3adcbe,,Sony
010-12496-06,AVzxuJm9vKc47QAVfTmY,,Garmin
SB300SS,AVpfsJ9lLJeJML43B7NH,Sonic Alert,Sonic Alert
BRVBLDBB,AVqkHRtUv8e3D1O-leLF,,Braven
3542,AVrZCEGEv8e3D1O-loNg,Mophie,mophie
MOFO-154X,AVpfYqy7LJeJML438TIN,,Power Acoustik
D903-SSP,AVpgUWOrLJeJML43MP3S,,Spartan
HD 599,AVqkGaLxQMlgsOJE6fUi,,Sennheiser
CMK32GX4M2A2133C13,AVpidQq2ilAPnD_xEWbV,,CORSAIR
HDVD 800,AVphq88q1cnluZ0-FFwx,Sennheiser,Sennheiser
HDH-50,AV13M7AH-jtxr-f38GAZ,,M-Audio
0G05024,AVpjLZFZLJeJML43so0h,G-TECH,G-Technology
638483,AVqVHMYrv8e3D1O-ldLZ,,Tenba
MK8E2LL/A,AVpe6ZLXLJeJML43yJAz,Apple Computer,Apple
SKF-4800,AVpgGBWvilAPnD_xnWxj,ONKYO,Onkyo
DMC-G85MK,AVqVHCeSv8e3D1O-ldKD,Panasonic,Panasonic
EJ-FT820USEGUJ,AVrsXyTNv8e3D1O-louN,,Samsung
DDX374BT,AVqVGH9Ynnc1JgDc3jDV,KENWOOD,Kenwood
BCTRX,AVpfMVD-ilAPnD_xW6bu,Sony,Sony
SP-650P,AVpe-TEYilAPnD_xSIIL,Manufacturers Limited Warranty:3 Year,Thermaltake
VS278Q-P,AV1YDKV-glJLPUi8IF6T,,ASUS
SH02300BZ,AVpirqtQilAPnD_xGjJb,,Skybell
HDMCHO05,AVpfSIe2ilAPnD_xYy87,Audioquest,AudioQuest
XFBT-GUNBLACK,AVpggdNaLJeJML43O2qK,,V-MODA
981-000541,AWFFBU8JIwln0LfXiLtO,,Logitech
LP36899,AVpfUsrxLJeJML437Ezd,Lowepro,Lowepro
